Trust_Score,Risk_Score,Interference,Resource_Load,Label
0.7373092779835879,-0.7373092779835886,-0.3342695188430195,1.2797211510152207,1
2.3469152608882355,-2.3469152608882373,-0.7109900270539706,-3.141592653589793,0
-0.3558078654860626,0.35580786548606147,-0.39323826932459427,2.111660097420951,1
2.646212284965963,-2.646212284965964,-0.4421945958880594,0.4739295469122189,0
1.2545297973398635,-1.2545297973398644,0.35911793894627153,1.890613314729754,1
0.5701819155949949,-0.5701819155949955,-1.5329865389714605,1.255794285289011,1
-0.9534349324987788,0.9534349324987776,-0.35157422793031845,-2.756532221946783,1
0.44139016981021406,-0.4413901698102147,-0.8805408847119552,-0.3877542426716747,1
-0.8674033493819087,0.8674033493819076,-1.151125477612814,-0.500544163098841,1
0.7166741818091094,-0.7166741818091105,-0.7839695462349721,1.1638549374222351,1
0.9884067463454109,-0.9884067463454124,0.4000101901135422,1.0812561615803176,1
1.3986969887341263,-1.3986969887341274,1.00969694232549,-0.02309514708889937,1
1.1995269567355733,-1.1995269567355742,-2.634654469196219,2.7369517737593148,1
1.1165602412309392,-1.1165602412309408,-1.3327978760936574,1.3477748007833101,1
1.7476066355991402,-1.747606635599141,0.22210108845754872,0.7450616617269735,0
2.5359148003521925,-2.535914800352193,-1.9376656935492793,0.7114558597777502,0
1.9869394255073098,-1.986939425507311,-1.0231686161846272,-1.723440628580171,0
1.5240745932063413,-1.5240745932063424,0.0898726644164698,1.2360982609293583,1
0.03445683448955661,-0.034456834489557275,-1.001670723691312,-0.8719218040384695,1
2.253873629602353,-2.253873629602354,-2.128897452732888,0.5387138820770047,0
0.5649961744511345,-0.5649961744511356,-0.7399997932915987,2.2962091150859343,1
-0.7515430608570413,0.7515430608570404,-1.7824697698976952,2.148987905079138,1
2.8785101596548595,-2.878510159654862,-0.028444181705726934,0.1443841793186207,0
-0.7357345858875015,0.7357345858875011,-1.4433438934576142,0.8693282824547935,1
1.1373213781840732,-1.1373213781840743,0.6287170780506095,0.426408759919638,1
1.9680265810303497,-1.9680265810303508,-2.3468610719178065,0.6653196743966748,0
-0.4521474169494122,0.4521474169494111,0.17838022459594383,1.002730956324316,1
1.1355035202832469,-1.1355035202832477,-1.3299570677917645,-1.345012364053378,1
1.9232835369506387,-1.9232835369506396,-1.7143228090962184,-0.4773440072399693,0
1.4696984882917508,-1.4696984882917523,-1.2598017271926716,0.5207944822981733,0
-0.8581217096898537,0.8581217096898526,0.5216240046517544,0.35485767622741743,1
1.4345187692698969,-1.434518769269898,0.06952601503254718,1.1087676581762924,1
2.334835701046716,-2.334835701046716,0.9681423096936228,-0.1822941567200762,0
0.6470173924463315,-0.6470173924463323,-1.4693490170876404,2.598055837410927,1
1.1678337053338586,-1.1678337053338599,-1.0408943083786044,2.2062990198460803,1
-0.49142188231951045,0.49142188231951,-1.5272619741214255,-0.4275746601460977,1
-0.09007753207226421,0.09007753207226377,0.8224536310415704,-2.052282963662283,1
1.1090911799394259,-1.1090911799394272,-3.0784024253056312,1.054270137475706,0
0.31637798353277313,-0.31637798353277424,0.9175289946559269,1.9719088415080928,1
2.067484161299463,-2.0674841612994634,-2.0004508693990655,-1.3866395744762952,0
2.6752388441251247,-2.6752388441251247,-1.5502166738609335,-0.27476755878713877,0
2.904456476714275,-2.9044564767142758,-0.698056601300172,-1.9492445023501772,0
0.18845439419867605,-0.1884543941986767,0.4844431564036733,-1.320128076038022,1
2.3231855960980115,-2.3231855960980137,0.04976616062095984,-0.35935442089830505,0
0.31464606299924625,-0.3146460629992468,-0.33467427077542244,0.8385189217275245,1
2.0953951804892483,-2.0953951804892497,-1.6457534961311242,2.5965999404697473,0
-1.3702400205027159,1.3702400205027156,-0.3215681269892534,-1.898205181519038,1
1.2346617979369015,-1.234661797936903,-1.3483659970002122,0.33074689493874326,0
0.12792358630037048,-0.12792358630037093,2.055973438210793,-2.9079541564510962,1
0.3747230834698434,-0.37472308346984395,-2.3743240800063807,1.9176530387944943,1
0.7717898568116278,-0.7717898568116285,-0.5252041741023126,0.353303688414228,1
1.766647868340736,-1.7666478683407372,0.04608165385990293,-1.6901750688860324,0
-0.19151943509441582,0.19151943509441494,2.2776241141571063,2.4672466680830887,1
2.730329998987524,-2.730329998987524,-1.0876292615928993,-1.1444071269703824,0
1.7394223519916285,-1.7394223519916299,-1.4741053663420507,2.230045978964953,0
2.2319671384319704,-2.2319671384319717,-2.340012536933725,-1.0321449995360092,0
2.247704651328814,-2.2477046513288155,-0.5520731607056,2.210785463008669,0
-2.2044392835922864,2.2044392835922846,-1.8228536881241224,-0.3853432850055798,1
0.48643853621127586,-0.4864385362112771,-2.2844762335632227,0.47098643230558535,1
2.633191837041218,-2.6331918370412195,-2.5354223582811173,0.4016057737995518,0
2.62902616959088,-2.6290261695908796,-2.065838153349852,0.690618948547843,0
0.3625220723647884,-0.3625220723647895,-0.10011786663796018,0.5529574120736813,1
2.125498151955113,-2.125498151955114,-1.5204122791550256,-1.515010734100965,0
1.9371986596696824,-1.937198659669683,0.1685049040680131,1.8007831289768306,1
1.9043380955091591,-1.9043380955091598,-2.6177664199281345,1.154560805782452,0
1.0246752209875587,-1.0246752209875603,-2.187942577850881,-1.980549517203423,0
2.5126656302496047,-2.5126656302496064,-2.5167653099991742,1.1723391137314438,0
2.5670902128584183,-2.567090212858419,-0.9278120754505812,2.0329638791155498,0
3.0112780604660454,-3.011278060466047,-2.449279893146427,-0.1591384100850728,0
1.4960201902042134,-1.496020190204214,-0.3493930768948734,-0.9806233921783658,0
0.05825231051328217,-0.05825231051328328,-2.217109286885239,0.3615289281563,1
0.2568194070882732,-0.2568194070882738,-2.0639004567705745,1.4519299668535062,1
0.3308286791782147,-0.33082867917821535,-0.8876522399238538,0.5606426760868048,1
0.7733424928202192,-0.7733424928202197,-2.8139749357451858,1.328111621228428,1
2.4001783484767207,-2.4001783484767203,-1.458175522327231,2.2868497764366547,0
0.34704055530497846,-0.3470405553049791,-1.4250053233516107,0.8664174562239835,1
1.1006444579593886,-1.1006444579593893,-0.9849673073964671,0.9366000652162383,1
0.15294081292823214,-0.15294081292823258,-0.4767038334824177,2.1945580419870714,1
1.2468682521828296,-1.246868252182831,-1.6923036381535326,1.4981001808663392,1
2.7323588613118694,-2.7323588613118712,-0.18012928062927747,-1.5353517228787723,0
0.9529189576697477,-0.9529189576697483,-1.0178337524817724,0.11329214225385753,1
0.12604361729531388,-0.126043617295315,-0.7294495097065876,1.3009517347029202,1
1.056956490551336,-1.0569564905513373,-0.8360189621010464,-2.0905158008942943,0
1.9898255488688448,-1.9898255488688457,-1.9831076857553362,0.40459294405773183,0
2.6091050738811505,-2.6091050738811514,-0.8625723051723133,1.8184941117064635,0
-0.845056399495959,0.8450563994959583,-2.436922747664243,-0.07720374266485575,1
2.161451653280431,-2.161451653280432,-1.7902087697647096,0.8301112552895222,0
0.14616943639544644,-0.14616943639544755,-0.47359357186288686,1.0000425177563874,1
1.7014407617324567,-1.7014407617324583,-0.9545436798696162,2.370208735865684,0
-0.842092038435931,0.8420920384359298,-2.647558137190374,-0.5751428644505434,1
-0.8776605610885606,0.8776605610885595,0.6074915478529193,1.4062873085609966,1
1.5849492665162332,-1.5849492665162344,-2.258074926871214,2.1148931295986424,0
-0.38948322486321163,0.3894832248632114,0.610868972526847,-0.7804050870858354,1
1.5794142694558952,-1.5794142694558968,-2.717557479062334,-0.7524166582637222,0
-0.5203826987312334,0.520382698731233,-2.0998634954581155,0.7825296687537086,1
2.135209868605025,-2.1352098686050263,-1.6220215931635145,0.3906831967085148,0
0.5043228422500554,-0.5043228422500561,-2.672779814068109,0.591128530844472,1
1.459411091120614,-1.4594110911206155,-0.21290750650227097,1.1143384318353087,0
2.2941254027060802,-2.2941254027060802,-1.9888776611741306,-1.8807538646067603,0
2.3905804913682704,-2.390580491368272,1.6504808193924636,1.9955675714652998,1
-0.8029901288591184,0.8029901288591177,0.8868084933037745,0.5807601401733907,1
1.2918380859668086,-1.2918380859668093,-0.5917398134596357,2.1024118524078776,1
2.985992303019845,-2.985992303019847,-0.12214282202089555,0.7804277637435377,0
2.6545436689003727,-2.6545436689003736,0.8681184541107079,2.0050772549333917,0
-1.173457509344689,1.1734575093446884,-2.8128413898425064,1.327533214368008,1
1.1200780006389217,-1.1200780006389224,-0.8456205556191281,2.3213578162176636,1
1.3649479182732283,-1.3649479182732294,-2.0546754755820675,1.7402363868847732,1
2.8893933144906887,-2.8893933144906883,-1.894723125612746,-0.11051056937692028,0
1.3842620290004661,-1.3842620290004675,-1.7600634284776115,1.0650330976856885,1
2.1310915420860814,-2.1310915420860828,-2.3548021400783283,1.992028191916035,0
0.19169384547409196,-0.19169384547409263,-0.8513958105064071,2.8761205149681928,1
-0.26424386564188285,0.26424386564188174,1.552556717111079,1.6457158904386988,1
-0.8169557979793951,0.816955797979394,-1.0644390757442994,2.422997108708719,1
-0.19881323155140818,0.1988132315514073,-1.5344453043549067,2.098876064591262,1
1.186873460952928,-1.1868734609529292,0.18994559759634244,-0.7314268993689155,1
0.1401912982571727,-0.1401912982571738,1.7104297036501834,0.5419818744499987,1
2.8345580723387362,-2.8345580723387362,-1.9758485151562335,2.662675495138631,0
1.5553587337359733,-1.5553587337359742,0.6970181260881352,1.0264361997088423,1
1.456997439103507,-1.4569974391035083,1.96891040028102,1.224896304154072,1
0.11456610930892519,-0.11456610930892608,-1.3422234627598781,1.9894658454866245,1
1.2697271283704863,-1.2697271283704874,-0.634045898577346,1.7853656815793773,1
2.3960622752639877,-2.3960622752639904,-0.5908858183552925,0.2718512536191348,0
2.002961875707203,-2.002961875707204,-1.7738685664593312,-1.6089808470814324,0
2.8838887889618476,-2.8838887889618494,-1.1386209723376033,-0.7303709512430312,0
1.5762955903779976,-1.5762955903779985,0.3668887932537057,-0.8466937678881983,1
1.946508745136045,-1.9465087451360459,0.7821371202250647,2.021036850147693,0
2.256738541143502,-2.256738541143503,-2.4865296042625635,1.1036275327464085,0
1.1805369359892324,-1.1805369359892337,-1.2011713892997886,-0.2582410010699916,0
2.917149134372078,-2.9171491343720777,-2.763381684927701,1.820977636864999,0
2.0061222149225757,-2.0061222149225766,-0.41544126001491066,-0.2894983154732961,0
1.6312826987371676,-1.631282698737169,-1.7822582640789766,0.4735694256401298,0
1.1327035239278023,-1.1327035239278034,-2.6891418533994713,1.505244362845811,0
-0.6596717021270793,0.6596717021270788,-2.1437639812129827,-1.1377068148869185,1
2.9190962268451344,-2.9190962268451353,-0.3482338146880093,0.2927745901817055,0
1.1128028600061146,-1.112802860006116,-0.8465222905603529,1.8910289134493345,1
0.8861721975631225,-0.8861721975631236,0.6308698541524405,-1.8557670562410618,1
2.452703956852489,-2.45270395685249,-0.2444640994861984,0.42410613320718504,0
2.8654040091533934,-2.8654040091533943,-0.26295622298501087,-0.26881401086543144,0
2.145490659930937,-2.1454906599309385,0.1554563996476277,1.4663548833036208,0
2.632709540183008,-2.6327095401830083,-0.18327312577745813,1.472060252484559,0
2.681793647553679,-2.681793647553679,1.2391303125085438,-1.2365125287807366,0
1.7924233769348596,-1.7924233769348605,-0.8511138995831432,-0.05039571786384922,0
-1.8884314514787226,1.888431451478721,-0.6437786703120196,0.5339511702090443,1
2.396477804185464,-2.3964778041854635,-0.14632416382502644,0.08146744693747798,0
2.4961403426953046,-2.4961403426953046,1.9197649746705139,0.787773453031523,0
-0.6715135602323279,0.6715135602323272,-0.7418544121928682,2.9893921971564534,1
2.306762360077599,-2.3067623600775993,-2.639028637927484,-2.0090571921153275,0
1.3057657450423301,-1.3057657450423317,0.771606955636329,-0.8024700480047822,0
0.20580721091372944,-0.2058072109137301,1.162873772373234,-1.5721900435973675,1
2.227385722477772,-2.2273857224777727,1.6700240717426311,2.3334067230131676,0
1.4284449753745283,-1.4284449753745296,-0.6855083906583803,0.11542541990234256,1
1.9811085962677732,-1.9811085962677746,0.9613821395406887,-0.8981783650744593,0
2.9862240286376744,-2.9862240286376753,-0.32327917043728627,1.7674682549040464,0
0.2246374668251988,-0.22463746682519936,-0.7810317025835454,-2.8168648679094686,1
1.2721288099492378,-1.2721288099492385,-1.3690999784104938,0.3882722573301514,0
1.96147262990257,-1.9614726299025715,-1.8309334026276614,0.1494272844581444,0
0.985949833134775,-0.9859498331347762,-0.0567598542159764,1.1995745163195681,1
1.5025542311724966,-1.5025542311724973,-0.6589965597719047,1.8674582516191354,1
2.669155050408618,-2.669155050408618,-1.524993187002267,-0.7923303253422043,0
0.43938047162593685,-0.4393804716259381,0.5042712487354863,1.332441720786023,1
1.6751178091109333,-1.6751178091109342,-1.4158724970975203,2.5866561918883115,0
1.498017194174679,-1.4980171941746805,-1.4381712541342995,0.10319561887390738,1
2.5022518603000314,-2.502251860300033,-0.8234204139296624,0.2636576191692722,0
-2.672748315758082,2.6727483157580805,-2.4044978996620507,-0.41045460857719696,1
2.263714441647379,-2.2637144416473802,0.8533797404283519,2.084691952397538,0
0.08226126599103689,-0.08226126599103734,-2.1735719332519485,-1.350827697285378,1
2.3376554402968415,-2.3376554402968432,-0.4845947932357357,-0.2596784652093056,0
2.129593968453057,-2.129593968453058,-1.234776357866314,2.1400758714074515,0
2.6721578796961314,-2.6721578796961314,-1.2636719822475895,0.6472576923992188,0
-0.893907256484451,0.8939072564844504,-0.7791884029265209,-0.9499525784406131,1
-2.0226799536174114,2.022679953617411,-1.2499232216511533,1.2208460932573002,1
2.5489987772797154,-2.5489987772797154,0.5827600351138169,1.7439511547331616,0
1.5345448373195907,-1.5345448373195913,-1.7907637703833101,-1.0505609340925681,0
2.402813408707696,-2.402813408707699,-1.6114916182546497,-0.6845450424988522,0
0.8936169261184366,-0.8936169261184379,-1.9409170769036361,0.21150707681528685,0
1.8887768874112991,-1.8887768874113002,0.20817635721605243,-2.0320458892560347,0
1.4336076099435862,-1.4336076099435873,-0.556992837728455,-0.6437539629884454,0
3.043640926032271,-3.043640926032274,-2.6102356305305974,-2.012928096929214,0
-0.30982893740762063,0.3098289374076195,-1.8987124953981818,1.4293785487677035,1
2.271680536507711,-2.2716805365077124,-0.17411163031031585,0.5369373351899538,0
2.3002969901465558,-2.300296990146556,-1.0866372943665865,2.27635932081402,0
2.472916425986253,-2.4729164259862553,-2.3924085618672164,-0.2014696592418439,0
1.26580429790789,-1.2658042979078907,-2.543298860313743,-0.5091240239512536,0
-0.22091920601917336,0.22091920601917225,-0.5034559943576363,2.4427191140378337,1
1.947803616251603,-1.9478036162516044,-1.8933428686429181,1.3130050366691333,0
2.0027984465351687,-2.0027984465351696,-1.8803988117581165,-1.1280583694482875,0
1.896972956492686,-1.8969729564926872,-2.538979078640181,1.8844827328937255,0
0.4195606893574455,-0.41956068935744606,1.1934398871190761,-0.5365732390581182,1
1.510004972967788,-1.5100049729677896,0.10089656842231087,2.126202894341785,1
-0.536992811716066,0.5369928117160658,-0.5914441222696694,-2.8359795286286436,1
-0.37570601125465064,0.37570601125465,-2.4056556058598595,-0.31059949317037316,1
2.5852644478648905,-2.5852644478648914,-1.1939880712299156,-1.6031459919425881,0
0.9579783026851725,-0.9579783026851734,-1.4241428891642511,2.0220199295512744,1
2.8556329763716124,-2.8556329763716124,-1.6271824757887963,0.3285043427198605,0
1.7324742126480401,-1.7324742126480417,0.654984873413184,-2.3967208001690077,0
0.035915761810026536,-0.03591576181002698,-1.81204655772765,0.9875161375105012,1
2.1924234759661583,-2.19242347596616,1.6478380297200967,2.674746842531343,1
-0.1644757426821868,0.16447574268218612,0.3967113977313397,1.3198190805594434,1
2.743926748862622,-2.743926748862622,-1.1856782449601169,-1.496865705983669,0
0.9366611374992246,-0.9366611374992257,1.5344473877507343,2.665012722139079,1
2.291713381152049,-2.2917133811520496,-2.767455005453569,0.688864475875581,0
0.2427789405952494,-0.24277894059525051,-1.62558451373903,2.148703744798505,1
1.9224343403629187,-1.9224343403629192,-0.2530613524616404,0.05897106403143326,0
0.978032056015792,-0.9780320560157932,-1.9371404012735198,-2.4476178562163544,0
1.2820242835177442,-1.2820242835177451,-0.8727612850629405,0.6979433194776439,0
2.070250859720297,-2.0702508597202987,-0.25345878698028546,-0.6380776370356971,0
2.3616630931162574,-2.3616630931162588,-1.9211371318209787,1.8362670922921478,0
1.0151938209151847,-1.0151938209151858,0.15393705780552214,-0.3665891623037765,1
1.8750604132323294,-1.8750604132323307,-2.1411671843997464,1.1794159887055597,0
2.3396815648899274,-2.3396815648899274,2.5826471837217526,0.09445639255137639,0
1.6777917209546775,-1.677791720954679,0.4694609435600654,-2.474362466578197,0
-0.4148759951713519,0.41487599517135143,-1.5207719560888866,1.020522455561582,1
1.8405647713180682,-1.840564771318069,0.2216754437090518,0.09247137871313627,0
0.9578089649126977,-0.9578089649126986,-1.9823946173471736,2.1735113890464812,1
2.531174474573522,-2.5311744745735223,-1.3425767076875443,1.6318740407830068,0
1.4525078809706486,-1.4525078809706502,1.3436333676483976,-0.8819285896363067,1
-0.17490583014596095,0.17490583014596028,-0.22673835747352244,2.3683980097537027,1
3.075385494351442,-3.075385494351443,-1.473237882779785,0.4078804642139562,0
-1.0527056330581095,1.0527056330581084,0.5189653284189719,1.5389087227764526,1
0.8696203625630223,-0.8696203625630229,0.6914615717940151,-1.6141452106608272,0
1.770464058273642,-1.7704640582736433,-2.9313948479309575,0.3597764074243993,0
2.017436170249554,-2.0174361702495545,-0.8169285417135828,-0.5658105707401246,0
0.1990589369978688,-0.19905893699786947,1.7168355040916778,0.4930336425774964,1
2.1886908715392996,-2.1886908715393005,-0.4022304121729522,1.6787313710804148,0
2.9616083197830525,-2.9616083197830543,-1.2886900701665827,1.3947384568114127,0
1.3712738326121112,-1.3712738326121126,-0.777147940639029,-0.4544918875810535,0
1.2676987851888573,-1.2676987851888584,-0.1101079996826777,2.1196378792544834,1
1.0013911577642518,-1.0013911577642525,-0.6201689710411888,-0.4112464376084424,1
2.012743999911653,-2.0127439999116543,-1.1647383091140207,2.504622557754443,1
-0.15713787741171714,0.1571378774117167,-2.5963532225219015,2.8590627438696736,1
1.3748236728184327,-1.3748236728184333,-1.698245884454909,-0.14654240111611183,0
2.805201932628779,-2.8052019326287803,-1.3085419771591908,1.067488766920571,0
1.8051528288858472,-1.805152828885848,1.3572131686203286,0.0032348971360365297,0
2.935526337075947,-2.9355263370759492,-0.3118742865473835,-2.9527214706543505,0
2.1905038609825427,-2.190503860982543,-1.1779898732041953,0.24562832161668408,0
-1.6823063296957095,1.6823063296957088,-2.1087305705062906,2.1673537850568767,1
0.6299243339858015,-0.629924333985802,0.9868237180433881,1.4104185977794281,1
-0.07762465717651978,0.07762465717651956,-1.4031782931288244,1.8723084827280307,1
0.5100607979360563,-0.5100607979360575,-0.9868893150997657,0.9121614269542546,1
0.29413053222083596,-0.2941305322208372,-0.4477100949267103,-0.29018972720816016,1
1.935848877840635,-1.9358488778406366,-1.0604100148915003,0.2548894518935996,0
2.103648153580315,-2.1036481535803166,-2.400176897337377,2.2568350849160117,0
0.6491167307598097,-0.6491167307598102,-2.690087633103886,-1.0707779092206569,0
2.6275071389730953,-2.6275071389730957,-1.00696605473496,2.104948458720739,0
-1.6778200058293273,1.6778200058293267,0.38043342797556323,0.9061742912103483,1
-2.0552930998292913,2.0552930998292904,-1.525216310448263,-2.292993310032972,1
2.487098241428071,-2.487098241428073,-1.5258522817796836,2.2699934836732294,0
1.9173131637459582,-1.9173131637459595,-0.5667262362121732,0.43927590552467133,0
1.6600293029689044,-1.660029302968905,0.3713777371067648,2.077470402122157,1
1.088651407519944,-1.0886514075199452,-0.32912671759335854,0.7018434292115595,1
1.9145256841029858,-1.9145256841029865,-2.7101155071879717,-1.3099675673679503,0
2.3833590035667154,-2.3833590035667163,-2.2028574582626823,-0.07033655816494355,0
2.779931374287525,-2.7799313742875262,-1.1854594614984075,0.7728076796768001,0
1.5425245821118083,-1.542524582111809,-2.1249156165151053,0.01592465075538585,0
1.7276675064626907,-1.727667506462692,-0.6350790375799313,-2.3130277790690372,0
0.7510229129087025,-0.7510229129087029,-1.17642511321735,0.1573941480446166,1
-0.10912630365050746,0.1091263036505068,0.46606113979872466,2.1723572051708757,1
2.6893202508093306,-2.689320250809332,-0.1256827396643424,-0.9728024789223513,0
1.7067322137720549,-1.7067322137720558,2.465233261017484,-0.29695268469594427,1
0.7842075418196655,-0.784207541819667,-0.8090636371506572,-0.9789815137270999,1
1.357466766839366,-1.3574667668393676,-1.276518686853332,0.6532165848582566,1
1.8841441976398265,-1.8841441976398272,-2.0528495286491717,1.776846507200576,0
0.6384177733615435,-0.6384177733615447,0.3950919499290313,-0.33188482211509507,1
2.6103792659377745,-2.610379265937775,0.08125761986838342,0.7388264779966386,0
0.2549503852385109,-0.25495038523851143,-1.3944149977308509,1.6887614490862297,1
1.4265252014776757,-1.426525201477677,-0.1324612324401423,1.0613416620345792,1
1.2381177930106435,-1.2381177930106444,2.759383733786014,0.5426157567334642,1
1.5662546089830411,-1.5662546089830423,-2.2979853560231454,-0.9561411854027921,0
0.4581491728337418,-0.4581491728337429,0.40650729227690463,-1.8825453723074634,1
1.5526185503328744,-1.5526185503328758,-1.2768723678716336,-0.1707043255373646,0
1.4701467581703773,-1.4701467581703782,-1.145005996996059,-0.6625977834963503,0
1.8136655341437895,-1.8136655341437904,-1.8445996829702629,0.7346157396121167,0
0.5420263848880982,-0.5420263848880993,0.7054912045366057,-0.7377080183636402,1
1.9158141003171556,-1.9158141003171574,0.1878686139698036,-2.8045066851171145,0
2.7998479338666797,-2.7998479338666815,-2.20891172394633,0.402342278004693,0
0.4342129625982427,-0.43421296259824393,-1.3895035544953016,2.1243766400017736,1
0.21979658171791616,-0.2197965817179166,-2.2679556750847203,2.0150976032116525,1
0.0789786079225947,-0.07897860792259581,2.33998311952091,-2.2116292941839037,1
1.0781936809877446,-1.078193680987746,-2.4895497526708645,1.0654375441159243,0
0.904710869235418,-0.9047108692354187,-1.2181081384490668,0.4480888800547528,1
2.4245243006635944,-2.4245243006635953,-2.2420319519114047,-0.8103019857255531,0
1.7738569535326207,-1.7738569535326212,-1.6233360300662485,2.9391944754682084,1
2.6527079234705178,-2.652707923470519,0.7071747157901522,-1.3925554908502917,0
2.4324963071017383,-2.432496307101741,-1.2876017264862947,-0.9921421985017516,0
2.9759188402196246,-2.9759188402196264,-0.8197506389451005,1.5108457092050331,0
-1.0452045120006712,1.045204512000671,-1.2500366663115,1.48894442196094,1
0.07125604297555421,-0.07125604297555532,-2.89491079331668,2.3007950551912097,1
1.7143307361667168,-1.7143307361667177,-1.7682993385012926,1.7613235055205845,0
1.0373924525760225,-1.0373924525760239,-1.059394138654436,-0.4244133565367323,1
2.3462480544749567,-2.346248054474958,-1.7974862086911025,1.6125599059988094,0
2.3695677218216105,-2.3695677218216105,-1.0988212337251084,0.5519257347586586,0
2.217901333674156,-2.217901333674157,-1.7236934066400584,1.8306198921874646,0
1.9904740935305818,-1.9904740935305827,-2.053223578468046,2.537370331163017,0
0.3027357415559465,-0.3027357415559476,-0.7024904555811873,-1.4658293035834906,1
2.965652671801786,-2.965652671801788,-2.239829400390593,0.5089670407103039,0
-0.32226727676091915,0.32226727676091826,-0.1526258212069057,-2.1513482156108013,1
1.678645128831095,-1.6786451288310966,1.1335293157408834,2.644217674744879,1
1.6942139014474038,-1.694213901447405,-2.869530604714553,-0.3472193863469859,0
0.7341141207241693,-0.7341141207241706,-1.835960690725008,-2.329257598712679,1
3.038594509802482,-3.038594509802483,-0.09300812494463961,-0.5448635835406441,0
-1.1021508048909952,1.102150804890994,0.5572948759279082,0.14132667111951247,1
0.4111122135686395,-0.4111122135686407,-0.33361993463781103,2.94454530402794,1
-1.7473564121006726,1.7473564121006724,-0.16419712670234987,2.169131409486999,1
1.7019833776000488,-1.7019833776000501,-1.3652441892152956,2.027246593139777,1
0.41929916865288475,-0.41929916865288586,-1.4367788999461992,2.1376820391266502,1
2.8174370405112223,-2.8174370405112237,0.8535130465394718,1.0641653270859164,0
-0.76635756880155,0.7663575688015496,-1.8175790445690936,1.4266400479601913,1
0.0025384000364934156,-0.002538400036494304,-2.1588342402304184,2.324685456642272,1
2.69315758353114,-2.69315758353114,-1.609442387911741,1.1910673760011634,0
2.5814168838238416,-2.581416883823842,-0.4159112988646735,-2.4061880347150826,0
-0.024431512163008096,0.024431512163006763,-1.8151247509291903,0.27344054939574863,1
2.0040182515274183,-2.0040182515274196,-1.6688965903342874,2.3366627487707623,0
1.1939415438215852,-1.1939415438215866,0.41686191650855275,2.4566469671474733,1
2.423174141028378,-2.4231741410283787,2.0713932482911606,1.7966199199856707,1
-0.2775393494558722,0.27753934945587155,-0.3746921969472904,0.8491440145408032,1
2.218471230266488,-2.2184712302664895,-1.6490796278555155,0.3878506056914307,0
2.111990583026267,-2.1119905830262686,-2.4522563807226825,0.7566933123910878,0
1.981726039508705,-1.9817260395087066,-0.9135416044078549,1.5230326722843301,1
2.996873920565025,-2.996873920565026,-0.5478926691099459,2.2429345047421916,0
2.319829573741492,-2.3198295737414947,0.6841605275452154,3.141592653589794,1
0.6097985202539153,-0.6097985202539159,-1.9809043356047298,1.699465951865354,1
0.4246492579400961,-0.4246492579400968,-1.56010688497074,-0.5429036000916345,1
1.0754574510544992,-1.0754574510545005,-0.7182169243396992,1.0247999078714312,1
1.3356380859166508,-1.3356380859166523,-2.542521598264112,2.135857503664667,0
1.3749501891697031,-1.374950189169704,0.5837928847533764,0.5386266549120722,1
2.292534244035614,-2.2925342440356147,-2.063114334759403,0.8369987153532518,0
0.11116164473994172,-0.11116164473994306,-0.5993631617660565,2.166553589495792,1
0.7935952966368167,-0.7935952966368176,-2.3130982519519803,-0.8495448886502297,0
2.7623310482095915,-2.7623310482095937,-1.9238885906221785,-1.448059048808688,0
1.45347748888023,-1.4534774888802313,-0.13056780050097083,-0.30304460717034376,0
0.3847470379502793,-0.38474703795027987,0.7091205956163953,0.5750818669237547,1
2.132052733389112,-2.132052733389113,1.1810090479092983,-1.1433301424078652,0
0.6327261079982142,-0.6327261079982147,-2.6148848560936493,0.8425793864478692,1
0.7805846801979792,-0.7805846801979803,-1.0299147546935763,-0.1888145133122867,1
0.628971084107029,-0.6289710841070296,-1.7361247083769282,2.448825608929168,1
1.9958580593390414,-1.9958580593390423,-1.1211978313300257,1.4837746294370844,0
1.5530745872695095,-1.5530745872695102,-1.1235032589549239,1.5925400560702465,1
-0.34229485785541325,0.34229485785541236,-1.8685363780793574,2.1150490331984892,1
-2.553318656211525,2.553318656211525,-1.9118996299793238,0.27233135795377306,1
-1.7399447118825266,1.7399447118825255,-0.800091310960048,2.5449571560449296,1
0.5975881042163522,-0.5975881042163529,-1.9412072793093706,0.6136470241600942,1
2.745460606105261,-2.7454606061052624,0.5114037076653823,2.182974518467417,0
2.664966990253363,-2.6649669902533657,-0.9425832758337257,2.6360394503999185,0
1.3831634471401641,-1.383163447140165,-2.3680023252109397,3.0582194022714577,1
2.1736122782277736,-2.173612278227774,-1.608927763080454,2.6366871275296972,1
0.6502227944088297,-0.6502227944088302,-1.6641462058955585,1.7696920269326715,1
1.7934620079892976,-1.7934620079892984,0.9293269730290781,-1.3499067820620678,0
2.73228911503276,-2.7322891150327617,-0.5961210562265061,1.6547978528192884,0
-2.304107715979367,2.3041077159793657,-1.7074142690592748,2.9751711865111536,1
-0.23945462762420244,0.2394546276242009,-2.2153645299648086,1.5797416862733122,1
-0.2023145021235757,0.20231450212357527,-0.8334517458036237,0.8927016958672397,1
2.808517317527225,-2.808517317527227,-1.4123996587019394,-1.3290357338268308,0
2.0827206923668538,-2.082720692366855,-2.3646778843595646,1.9648656402900377,0
0.7762540669508198,-0.7762540669508207,-2.1815770093719884,0.19715874195982652,0
1.5647481218915895,-1.5647481218915902,-2.4573596267582625,0.1097902554410064,0
0.19843969319128174,-0.19843969319128218,-0.6572463230720202,-0.09064384117857438,1
1.5465586642463616,-1.5465586642463622,-2.151378449151727,0.7878470523076406,0
2.635769466529993,-2.635769466529995,-3.03501664270222,1.4358633745546998,0
1.1351330194381157,-1.1351330194381166,0.18576373010148428,1.9062481946153966,1
1.0291132797314795,-1.02911327973148,-2.4212607382566382,-1.4986002710648845,0
0.6977845241960285,-0.6977845241960298,-2.014981980852585,0.1648287216291076,1
1.383209254102704,-1.383209254102705,0.30906158412277884,2.5156540398797373,1
0.5542921123128131,-0.5542921123128143,-2.6853097212536055,1.0339713707120717,1
2.433717533067261,-2.4337175330672633,-1.7219049283859236,-0.2947669191536896,0
1.5500873746419912,-1.5500873746419925,-0.8474314369122548,0.8436491167135878,1
0.8009172137563945,-0.8009172137563954,-1.144631851578953,2.744507232947575,1
0.5443464268766824,-0.5443464268766834,-1.0296929104927897,-2.2925159843970593,0
-1.7569542060208971,1.756954206020896,-1.5974754912770799,-1.2606081153656008,1
2.220720627593622,-2.2207206275936233,-1.365882232963767,-0.22099250482947153,0
2.569546145329193,-2.5695461453291943,-0.33439816458495,0.2234794691159243,0
1.8390637136258472,-1.8390637136258479,-2.717346598116654,0.5433078548640755,0
0.05218510121074904,-0.052185101210749485,-1.4511853162371688,1.5944818034004085,1
2.3143187632468107,-2.314318763246813,-0.6988241236964374,1.7759132619669578,1
2.269032646017857,-2.269032646017858,-1.9735355270600787,1.4998838386668076,0
0.025535757569302486,-0.025535757569303374,-1.9325272733347263,2.6237715582899668,1
1.7138655678816004,-1.7138655678816015,1.5121406632190126,-0.6446497550970132,1
-0.8240243186650833,0.8240243186650831,-2.7048160424330696,1.5144730123606587,1
0.12105411085998585,-0.1210541108599863,-0.47535769452835125,1.6522277587615506,1
1.420407963554711,-1.4204079635547118,-1.3054143876070936,1.7224224315709091,1
1.010899077958448,-1.0108990779584486,-1.550817720547954,0.6034362716551374,1
1.9960647956885664,-1.9960647956885678,-0.059783051575776014,1.3572569979234275,0
-0.10312765983602068,0.10312765983602001,-1.1064484274594109,2.281308434581415,1
2.784573625386764,-2.7845736253867663,-1.015739659643888,2.3844871381086095,0
0.5957754823943758,-0.5957754823943764,-1.1104657604552834,0.5932423901120506,1
2.0471195783337155,-2.047119578333717,-1.9765881661420572,0.5152406466834568,0
-0.4716935745340338,0.4716935745340327,-0.0638446793515286,-0.4256089441726787,1
0.5337785615346891,-0.5337785615346903,-1.8449411083732596,0.22450106137435782,1
2.2756430357968016,-2.2756430357968016,-0.2824732769435605,-1.1448856643189378,0
-2.2568576921824537,2.256857692182453,-1.0033486311417454,2.7640253025320813,1
1.0963323498804256,-1.096332349880427,-2.94545808708919,0.4411047085493113,0
0.40451156004983035,-0.40451156004983135,-1.6720252292035713,1.0491316175108518,1
0.4102478415842632,-0.41024784158426386,-1.566289600566083,-0.43917381254081445,1
3.137153006637182,-3.1371530066371833,0.8222978114308837,-2.2950324507408406,0
2.148359339013876,-2.148359339013877,-1.9209276958340091,1.2046297107047943,0
2.080745989459726,-2.0807459894597273,-2.418327882407639,0.9250867629701058,0
0.7428831987410394,-0.7428831987410399,-0.8304505770640006,1.0255178676911971,1
1.0967223199413376,-1.0967223199413387,2.166580622629287,2.3716314010261463,1
-0.3146706750357515,0.31467067503575086,0.1294792872812549,0.6232124506090084,1
1.9063231047077007,-1.906323104707702,-2.0365716071384674,1.3337335180590526,0
2.0088304205989926,-2.0088304205989935,-1.177628041921919,-0.6891839738593173,0
2.7680924879422797,-2.76809248794228,-2.6318945328635346,-2.0064952899423347,0
1.295168278324693,-1.2951682783246936,-1.372678986179913,1.2134878212371798,0
2.1640854501898366,-2.1640854501898374,1.3387925032842327,0.1192329580630822,0
1.8552241312370197,-1.8552241312370208,-1.3106639035519105,0.9480417351377574,0
1.697212130098728,-1.6972121300987293,1.1911136489272067,1.7069033358847692,1
2.146252933705059,-2.1462529337050604,-1.0548129548364695,1.852468701246183,0
0.5941814341107092,-0.5941814341107099,-0.6991505775116371,2.047875898392082,1
3.099599919977979,-3.09959991997798,-1.2270697711425145,-0.911523676633206,0
0.32627690957854516,-0.3262769095785458,1.0959500728662626,0.24010403145938458,1
1.7339485919404627,-1.7339485919404638,-0.09537006846400398,2.190448788771592,1
-1.5077524728395284,1.5077524728395282,-0.012216126122955528,0.22480241600782735,1
1.6827263222475155,-1.6827263222475164,-0.9045174593564747,1.4983354392567991,1
0.5831578360413943,-0.5831578360413948,1.8288026740514605,1.0213883357873326,1
2.1493414089448244,-2.149341408944826,-0.6622306385010589,0.02226935709228206,0
2.106817255352502,-2.106817255352503,-2.1936637135055514,2.6224140818751764,0
1.129915352644393,-1.1299153526443944,-2.502736990699738,-0.5463499781656656,0
1.1166677522647797,-1.116667752264781,-0.8526910528325585,2.2343989246646876,1
-1.5795202677999005,1.5795202677999007,-0.27813837130268426,-1.150728859321469,1
0.2500250734162066,-0.25002507341620783,-2.7077486229227645,0.34376008013875475,1
2.745143069043186,-2.745143069043186,-1.688541161446237,0.17408328677923335,0
-1.9984548366079196,1.998454836607919,-1.753346880437113,0.9949438927729527,1
1.307918271560057,-1.3079182715600577,-1.6636129366975951,2.9416761189268024,1
2.215479848506939,-2.215479848506941,-0.27394084884464587,-0.2911050830177243,0
1.4812454580170527,-1.481245458017054,0.5140486309463097,-1.1742100996240097,0
1.425430678166793,-1.4254306781667936,-1.2213899305607097,0.21410219565641952,1
-0.39968714830271,0.3996871483027091,-1.8002364101539032,0.9159765059933954,1
1.1950925502987544,-1.1950925502987557,0.42051459340915787,0.7245717262337559,1
-0.4567561122831836,0.45675611228318247,-1.1034554716607523,0.37593920898656236,1
1.2778403959242182,-1.277840395924219,-2.4442367222757944,2.3218743584928423,0
2.009039369626664,-2.009039369626665,0.032982946802669666,-0.3055067157030217,0
0.9927938939045582,-0.9927938939045592,1.5913247998662214,1.3155841564247088,1
2.526009272542768,-2.5260092725427703,-2.9860695263927357,2.5058861493244944,0
0.5383761081861631,-0.5383761081861643,-2.0769813129007964,0.37944490075164855,1
0.7681669677668446,-0.7681669677668457,-0.16079023449513474,-1.491931364013083,1
0.19461346701402693,-0.1946134670140276,-1.3316169124670405,-0.917462224247561,1
2.301376188746578,-2.30137618874658,-1.811049451737441,-0.44277653207163503,0
1.7642709224324882,-1.7642709224324897,-2.0263466280883513,1.9206220369368416,0
1.1571061919849521,-1.1571061919849535,-0.9333406454343497,0.8035045317246692,1
0.8530915948266427,-0.8530915948266439,-0.5870255830713406,-1.7106155409398642,1
1.1616926058578891,-1.1616926058578902,-0.40837907014955255,0.9960308876206816,1
1.6256584793339146,-1.6256584793339157,-2.668507367718894,-0.455524219621803,0
2.5685343537781113,-2.568534353778113,-1.279052162893441,0.26727285718658467,0
0.18533140567043427,-0.18533140567043493,-2.481717052086136,0.6305356309989577,1
2.9094958129447015,-2.9094958129447037,-1.0841875062870032,2.4169825038006474,0
-0.10853135289442939,0.1085313528944285,1.1918439342073528,-0.3070143420325445,1
2.416504180379119,-2.4165041803791194,-2.008188252866584,-2.0094488392952137,0
0.07766715198428198,-0.07766715198428242,-2.0372172133042588,0.5804338098614982,1
1.806232866175965,-1.8062328661759666,-0.25363981808162017,1.841403889208795,1
2.9950443077943185,-2.9950443077943194,-1.1239338180832197,2.207326100625615,0
2.19330226682875,-2.1933022668287516,-1.0222635348841567,0.48473744068714864,0
-0.6698943079493345,0.6698943079493342,-1.8407684437662504,1.6364525928624278,1
1.7244880472931268,-1.724488047293128,-2.535256991030799,0.7329723765809323,0
1.1395042220560505,-1.1395042220560512,0.6851954387417682,-1.079647427937005,1
-1.6358854534641663,1.6358854534641656,0.8539640191753306,-1.1563322210634959,1
2.5319296810015226,-2.5319296810015235,-2.9837619066630734,-0.8384257495992367,0
1.8553142116804913,-1.855314211680492,-1.9376371886420218,0.5137331081528399,0
2.230940058160029,-2.23094005816003,-2.6053404490768965,-0.2602282358023522,0
0.17283894753379814,-0.1728389475337988,-0.5515997641602814,-0.8598970492088962,1
2.9385209225346576,-2.938520922534659,1.1380009161821025,-1.3906242064420682,0
0.6508957967983143,-0.6508957967983154,-1.7789010391324092,0.4933071656335848,1
1.772932815396907,-1.7729328153969086,-1.1364231753657954,2.3923938955761876,0
2.741442275602864,-2.7414422756028642,-1.1550817097978299,2.843836273648155,0
2.2635231200900545,-2.2635231200900563,-0.24282982652998686,-1.312308036164622,0
2.153508768673607,-2.1535087686736087,1.0370913269656972,-0.4496633699822392,0
-0.10704574363937702,0.10704574363937636,-0.32762262956265176,-1.77296729093964,1
0.8170916393053524,-0.8170916393053536,-1.8875119839700116,-0.21138448241306096,1
2.3061621754262704,-2.3061621754262713,-2.374685780772978,0.6872735317944841,0
1.6106852462835668,-1.6106852462835681,-1.9427545563794604,-0.1290101490477331,0
1.8459917670572241,-1.845991767057225,0.257326769588361,1.5947960960404726,1
-0.25922833841641335,0.2592283384164127,-1.3649713727353279,2.746851693694273,1
0.17468040408564112,-0.17468040408564156,-1.9059632117910534,-1.995214451545547,1
2.614811240052732,-2.614811240052733,-1.2348960479888107,-0.050508421356653344,0
1.3519040784067966,-1.3519040784067973,-0.6234306748703449,2.097406467734414,1
0.5741828396632133,-0.574182839663214,0.48043507746624914,-0.16898296352874365,1
2.509146040938888,-2.50914604093889,-0.37946935566392404,-1.0794788895189693,0
0.1022315977253021,-0.10223159772530255,-0.6298747581971198,-0.13860844001175887,1
1.5803662083673464,-1.5803662083673475,-2.9335034098141675,1.1052884308654043,0
-3.141592653589793,3.1415926535897922,-1.232320495892186,-2.360816082894629,1
1.5475071954779376,-1.5475071954779385,-1.7859744956292274,1.0588187523098131,0
-0.3984425535274285,0.3984425535274274,-0.8529422449332613,0.9629946602816257,1
-1.903497529108853,1.9034975291088523,-1.7539423641549812,2.6256809650044035,1
3.141592653589793,-3.141592653589793,-0.8486994173286917,2.7194502814820374,0
-1.4459887914237042,1.445988791423703,1.310312167607945,1.7008448683091455,1
0.41775453894873127,-0.41775453894873193,-1.891247997401846,0.9974622750872595,1
2.2718601694536398,-2.2718601694536407,-3.0365276029270065,1.9080705818381156,0
-0.2728501388329494,0.27285013883294806,-0.029663161880458477,1.4421865407409107,1
0.806747513123582,-0.8067475131235828,0.7611043234407251,-2.743297016121448,1
1.4426924047109986,-1.4426924047109997,-2.6694928477334896,-1.4361894269194755,0
0.6603755560056134,-0.6603755560056139,-1.4240087641585049,0.6922393782274875,1
2.890581312637273,-2.8905813126372744,-1.1427113183797617,1.7462663257677733,0
2.8240603747243123,-2.824060374724313,1.0589150589832315,-1.7506314594698225,0
-1.1007591950751827,1.100759195075182,0.24506269658197422,1.1845856561478085,1
2.6774409224195774,-2.677440922419578,-2.040097488862189,0.9275897669855144,0
0.22617242104076674,-0.2261724210407674,-1.5834457318627397,1.2646490322565094,1
-1.868078710354331,1.86807871035433,1.7414527400410678,1.93373023411349,1
1.6522947751040407,-1.6522947751040413,-1.1453353471905365,0.16327169145671894,0
-0.14219369938466642,0.1421936993846653,-1.0084073760281482,0.47205527437469985,1
2.373707591958531,-2.373707591958534,-2.6594069131979428,0.42274939073943574,0
2.658561958189299,-2.6585619581893,-1.8733951394512964,0.3393650466113899,0
-1.4735025666272255,1.4735025666272248,-2.053358520551969,0.6759357473827508,1
2.1490066682453186,-2.14900666824532,-1.016705021426155,-0.47592266836956365,0
0.629455492778834,-0.6294554927788351,-1.2320706519538427,2.527880431758978,1
2.532663267486084,-2.532663267486085,-1.957644434617879,1.1484605316715086,0
2.9637705305433983,-2.9637705305433992,-1.4046975574298348,1.0621517312919833,0
0.6078788171761087,-0.6078788171761098,-1.773480089758551,1.879453079531155,1
0.5688901095465779,-0.5688901095465785,1.2554836745820737,1.6040743181373651,1
1.9599972978072437,-1.959997297807245,-1.6965402470740325,0.21688298924276367,0
2.6386073513318093,-2.638607351331811,-1.3990633159620902,1.1309727798039102,0
0.498573017506197,-0.49857301750619765,-0.5586166916247457,2.389375635413135,1
2.0320380826207716,-2.0320380826207733,-2.011962198670717,1.8139512137570597,0
2.2363978511860187,-2.2363978511860196,-0.43096141174171954,-2.3615942454255032,0
1.8012103361696465,-1.8012103361696479,-1.2419219551287963,2.017194605591913,0
2.2378625821207008,-2.2378625821207017,-2.8678402111556913,2.5083422874789782,0
2.2198358812519365,-2.219835881251938,1.586979633856895,-0.3164075130009729,0
1.4714273748305224,-1.4714273748305233,-0.7497740537939732,0.7336045448912771,0
2.543473342133783,-2.543473342133783,-2.706179155967578,2.3570548464964376,0
0.9901768852556748,-0.990176885255676,-0.8007497497825182,-2.5593762617286044,0
1.5854528329385311,-1.5854528329385325,-0.9422479234501986,-0.2665662214368597,0
2.8734531494185456,-2.873453149418547,-0.6811599367253329,-0.9565113977652506,0
1.0411532523130849,-1.0411532523130858,-1.8968001561251844,-0.5601401867968547,0
2.0890435124730984,-2.0890435124730997,-2.2668566111814545,0.7753362165217546,0
1.1956404195918786,-1.1956404195918797,-1.6439278248818074,-0.01657253273048409,0
0.6912920275866177,-0.6912920275866189,-1.5149680826774259,-0.8979333153363753,0
-1.4465133340820486,1.4465133340820484,0.6312099706650887,-1.6100462609134523,1
-0.5404370555534146,0.5404370555534135,-2.829473721318153,1.4948922795895498,1
2.7960877566934705,-2.7960877566934697,-1.7091711199656099,0.7316639481957106,0
1.311003560051918,-1.3110035600519192,-2.082667383256104,2.2061175194454066,0
2.289947840093487,-2.2899478400934874,0.22305214628719883,2.0006047015627546,0
0.9330674418066978,-0.9330674418066986,0.9314631336368189,2.324933358302876,1
0.8074894951033573,-0.8074894951033585,-2.099564361960014,2.3946099699003405,1
1.4572251303211405,-1.4572251303211412,-2.1359073382340146,1.722325180490097,0
0.01579661036350699,-0.015796610363508323,-0.6141680872682492,2.348141997069393,1
0.5693414201137499,-0.5693414201137504,-2.2618541188148242,2.9429752208521727,1
0.5844176583394352,-0.5844176583394357,-1.8733348281736797,1.819250136592174,1
-0.15434669592185624,0.1543466959218558,-0.1728734881778229,1.3782121419064888,1
2.3280153025697667,-2.328015302569768,-1.0313581315874583,-0.19899514973569743,0
1.8191073077351958,-1.8191073077351971,-0.7753159358993341,0.5396821059770052,1
2.2660597579142987,-2.2660597579143005,-3.141592653589793,2.328635679323341,0
2.2014094775402997,-2.2014094775403015,0.10573065252073022,0.16137511492964068,0
2.1656968845001057,-2.1656968845001066,-1.8201133992208494,2.8841866392108377,0
2.4273103662397717,-2.427310366239774,0.7249355780207276,2.7425426811810794,0
1.7977794939565857,-1.7977794939565865,-1.439032784645725,0.3011673069843887,0
1.4199663575890438,-1.4199663575890453,-1.362141449001767,-3.0308270682465874,0
-0.8553780385237784,0.8553780385237781,-2.939987086943202,-0.22114855553941914,1
0.3877782704498489,-0.38777827044985014,-0.5097107977550481,-0.5822361314348725,1
0.29467942201206077,-0.2946794220120612,-2.3400208392019706,0.4662290000446578,1
0.290370802783541,-0.29037080278354166,1.0881286311869252,0.8609522163026502,1
1.146301998384074,-1.1463019983840756,-0.44237256521359214,1.4819598368175018,1
0.7442655982049597,-0.7442655982049609,2.8194251773342933,1.258954342880744,1
1.7730486213546588,-1.77304862135466,0.5127685778255189,0.45089141611952843,0
1.8403873693334059,-1.8403873693334067,-1.4151949813224594,2.2340503478600757,0
-1.8105184964673509,1.8105184964673502,-2.0627868486935297,0.7445514187381423,1
1.381888303514672,-1.381888303514673,-1.7597018807586602,-2.2578160037864214,0
2.0268309782517964,-2.0268309782517977,-1.1547610578181022,1.1519640014693553,0
0.9758495481748104,-0.9758495481748113,-1.1397960219578012,1.3915213254195833,1
1.6511123619484678,-1.6511123619484687,-1.8493816552263067,2.782888552401404,1
-1.5466501240194392,1.5466501240194386,1.709593928490189,-1.579193514631585,1
-1.138067014545038,1.1380670145450373,-1.7430194452805474,-1.4237847440911415,1
3.059851080485856,-3.059851080485858,-2.6321769156257266,-0.22484316329217136,0
2.5601142971897284,-2.5601142971897297,0.18824593994512728,0.9690164763840186,0
3.0677146657576997,-3.0677146657577,-2.2932726054863695,2.5666287512601214,0
0.26072904938453734,-0.26072904938453856,-2.6037172630281367,1.80764594456783,1
-0.34833191708669786,0.348331917086697,-2.8561586189528105,2.3088509983202337,1
2.1416440935521495,-2.1416440935521512,-0.7467847492361094,1.1131721726251103,0
-0.011795022164759139,0.011795022164757807,-2.872468805226922,-0.8568581137933389,1
-1.6040799732479618,1.6040799732479616,-1.3273660562695393,-1.8144067106367316,1
1.52659323713559,-1.526593237135591,-2.510785636845679,1.330232832593346,0
-0.4895084249448429,0.4895084249448425,-0.893105575095479,2.6457139498075803,1
1.2742773782557866,-1.2742773782557875,-0.8632197057795894,-1.5765106043997945,1
1.1552920672805673,-1.1552920672805687,-1.7839370571996143,0.5965694080230047,0
2.3642932199916604,-2.3642932199916604,-1.3231321382709933,-0.12380750687913289,0
2.496249511481941,-2.4962495114819405,-1.7759306031084603,0.9012733742357824,0
0.9427856834368451,-0.9427856834368464,-3.0342295031444424,1.215402396190128,1
2.3157282415709313,-2.315728241570932,0.9241422643464401,0.47289417101947234,0
1.8055133343438499,-1.8055133343438508,-2.7962973085217957,0.28946676984514264,0
0.5686693594043033,-0.5686693594043044,-1.6339956496762178,-0.8795653993170061,0
3.069218099266028,-3.0692180992660303,-2.2920573298168945,-2.0968018040788876,0
0.9155557191307342,-0.9155557191307347,0.04995605927630087,1.373122572913294,1
-1.003425338597458,1.0034253385974565,1.002087453930255,1.6639342335810157,1
1.3685428962585282,-1.3685428962585289,0.11845212938564109,-2.7617340769517145,0
1.529159093803123,-1.5291590938031239,0.21010060680898301,-0.8071095920580857,0
0.4333576778474223,-0.43335767784742296,-1.0968579731010597,1.034382816104034,1
1.9528965958643727,-1.9528965958643738,-1.0490040797268787,-0.7568979717402275,0
2.4562636227275614,-2.4562636227275627,0.5413903904773794,-1.2457916873931125,0
1.4940538824371972,-1.4940538824371978,-1.3927999243133016,1.3782551602218536,1
1.5447564824290185,-1.5447564824290199,-2.358137904888615,1.4559354420913113,0
2.0771653098244,-2.0771653098244007,-1.94834424777209,1.5526757057917506,0
1.043915539110286,-1.0439155391102866,-2.2314126541292385,2.0707741690585664,1
0.5800381665356138,-0.5800381665356149,-1.256649447992228,1.8373393868404875,1
1.2863700714148123,-1.2863700714148134,-2.006169581223327,1.2044713349794773,0
1.6803315935223226,-1.680331593522324,0.4564843852397844,1.1474103050479423,1
1.144394923373538,-1.1443949233735395,-1.8897344511023508,0.8174312995624834,0
1.3211449020038766,-1.321144902003878,-0.9829027173458396,1.862930552618891,1
-0.14556789355975375,0.14556789355975286,-0.6070151658633254,2.8853878214916273,1
2.153915516056045,-2.153915516056047,-1.1072971322887595,1.9825207044472228,0
1.1697988142591351,-1.169798814259136,-0.6265064943347455,1.2217496473829161,1
2.7339889486418825,-2.7339889486418834,2.0614866587930925,0.560502194880165,0
-1.02715080360226,1.0271508036022594,-0.02470923501778033,1.955579080253603,1
2.6669837872579665,-2.666983787257968,-1.7468649445613549,0.5699123991831201,0
1.0108977648228432,-1.0108977648228439,-1.5862776025806553,-1.120680201447751,1
0.19684805495122215,-0.19684805495122282,0.6928567930976632,1.4112074305203188,1
2.81046820352373,-2.810468203523731,-1.9179065861822613,1.8577581801397824,0
2.441693009536701,-2.441693009536703,-1.4505632651877447,-1.5346916097848662,0
0.9217124975091273,-0.9217124975091282,-2.7174254051185036,2.1055645069334714,0
1.8122904288463655,-1.8122904288463664,-0.8407564376931494,2.3542093166792695,0
2.4722912479470587,-2.4722912479470596,1.9120041893671007,0.2578111135152537,0
0.556891022435503,-0.5568910224355043,-1.0047801601021655,0.5719728391844965,1
1.0668805514909365,-1.0668805514909374,-0.7798919503711262,-1.5621157640119718,0
2.115297796087819,-2.11529779608782,-0.18695314082875703,2.8967908590562783,0
2.1797253289186718,-2.179725328918672,-0.15314950000073257,1.7513033752282507,0
2.3306694442543865,-2.3306694442543874,-1.4031965194594092,1.0310408799279667,0
2.906761150827606,-2.9067611508276077,1.4911338637769327,0.8396717471829114,0
-1.166636212475824,1.166636212475823,-1.6338255438324216,-0.8148112605089564,1
2.284755382193551,-2.284755382193554,-1.1203618337902395,1.270977737908693,0
2.338054350278046,-2.338054350278048,-0.4612600326913954,0.7612761193352646,0
-0.680073689248982,0.6800736892489812,-2.2227213063361457,2.516305725762881,1
-0.09011444383088119,0.09011444383088074,-0.892174906751344,0.5906182109818016,1
-0.3014852670520858,0.30148526705208534,-1.6020571558159573,-0.1054503484958409,1
1.3010076263755992,-1.3010076263755996,-0.685251833302784,-0.19688702385870138,0
0.7136526844308331,-0.7136526844308336,-0.39485146339775057,0.44773562167433634,1
1.1335147171957418,-1.1335147171957427,-1.2600048403492319,1.3375703483254169,1
0.8961431030931803,-0.8961431030931815,-2.2387706754153007,0.6728393520628624,1
1.592514645215206,-1.5925146452152066,-1.2953748593693564,-0.027239135168134476,0
2.289698427779384,-2.289698427779385,-0.8882670027087405,-1.1246659902420753,0
0.22702053207842887,-0.22702053207842954,-2.1493322922305795,0.0379891242685233,1
1.3240023869065713,-1.3240023869065725,-0.9830499561552044,1.2770370681451175,1
2.563173389670049,-2.563173389670051,-1.93755865006826,0.9820048265993269,0
0.3809167683671033,-0.380916768367104,-1.8036308652185835,0.8978139853213587,1
1.809362747418199,-1.8093627474182,-1.6216211823654065,1.58719111344368,0
1.44302428699709,-1.4430242869970913,-2.509998967132379,-0.4396004098307611,0
-0.5440750401636969,0.5440750401636958,-2.2173433331437318,-0.784775016793613,1
1.369024924703384,-1.3690249247033857,0.4590495668616805,0.9530842962675685,0
0.010249916318546326,-0.010249916318547658,-2.659677174818527,0.7730373528861949,1
2.9682996719912658,-2.968299671991267,-0.7922408927821283,0.06537780401676863,0
1.6649725796816834,-1.664972579681684,0.2756763023334361,0.8138260875987583,1
2.257063940028003,-2.2570639400280044,-0.7995675428478215,0.5080665149371306,0
0.34996130732108954,-0.34996130732109065,0.5690812811099986,0.9896178748985999,1
-0.32314169551978833,0.323141695519787,-1.023151303037042,-1.0126163154141836,1
1.569703453564704,-1.5697034535647052,0.6510744377769719,0.11412875288573077,0
2.574755371209333,-2.574755371209334,1.8323363606341485,1.8907978614159138,1
0.6024492828063442,-0.6024492828063448,-1.2996392563781836,-0.14797750489863892,1
1.0691527663810243,-1.069152766381025,-0.15855040218522243,-0.2835472347118311,1
2.189049897977957,-2.1890498979779585,-1.022049866447917,2.2766983988522904,1
-0.36902789964308136,0.3690278996430807,-1.4262237112163092,1.6095264209464686,1
-0.6371315315506969,0.6371315315506958,-0.7407431782058033,-2.297318934407453,1
2.2922152903295996,-2.2922152903296,-2.503620842732292,2.343943778454749,0
1.97460359480739,-1.9746035948073906,-0.8324080061297301,1.259015791804993,1
1.76043409541803,-1.760434095418031,0.2925486912655868,0.1745652261993374,1
0.4474267432475231,-0.4474267432475243,-2.7427695468332582,-1.3713697726054153,0
1.3998321058238954,-1.3998321058238965,-1.90797646123317,2.629282205169212,0
1.9787101248881678,-1.978710124888169,-1.8219561491577438,0.02531973522099218,0
1.3572125941377868,-1.3572125941377882,-0.08689685538714575,2.8086902736360164,1
2.924308312824653,-2.924308312824654,-0.236315208346626,1.2633308816533266,0
2.3041915773952426,-2.304191577395245,-0.35036402252285015,1.6453663711105184,0
1.5933078634061733,-1.593307863406174,-0.46904956536403525,1.092332125421544,0
0.9093223784494312,-0.9093223784494318,1.8065191298750523,2.779097444712423,1
2.2862186801564066,-2.286218680156408,-1.291330204443725,2.729498217528761,0
0.7795368853405017,-0.7795368853405031,-0.49699138639339135,-0.12406607324933161,1
0.4190677903505886,-0.41906779035058916,-1.5788036829854566,-2.010575678359949,1
-0.30619757674828474,0.3061975767482841,-2.447139174752311,0.33878517245097234,1
2.505022458101276,-2.505022458101277,-2.7038272503975858,2.2564338392405663,0
0.14067568423994725,-0.1406756842399477,1.6657147764933602,0.6311041442699231,1
1.4439997386553853,-1.443999738655386,-2.550162724694439,0.34622131194353595,0
2.2703236800673343,-2.270323680067336,-2.3750245161742987,-1.563078978934858,0
2.3503419610470084,-2.35034196104701,-2.782578213931049,-0.6627746517961535,0
1.8695568377188476,-1.8695568377188483,-0.9748156274343078,1.4432891240881225,0
2.653167478420961,-2.6531674784209622,0.7938983873386589,1.300791505311274,0
2.738296946678748,-2.738296946678749,-2.152566284891888,-0.978496904637054,0
1.379294995524979,-1.3792949955249798,1.2303400618868778,1.3109676069242695,1
2.6998865899460904,-2.6998865899460904,-2.555599735328177,-0.21284126502719136,0
-0.11334892863360424,0.1133489286336038,-2.332393139545514,-1.3446612696093407,1
1.1225920712409403,-1.122592071240941,-0.8533222845093298,2.72958456880032,1
2.7889826065258676,-2.7889826065258685,0.039168346099802576,2.787958288595549,0
1.2761254837053262,-1.2761254837053275,0.03456341942881902,2.9121389203577475,1
2.078499313516806,-2.078499313516807,-3.02537524780302,0.94274997401981,0
2.4186364670740863,-2.418636467074087,-0.07965766809156027,2.2643769367035658,0
1.4100751447836326,-1.410075144783634,-2.1476986029340805,1.8583474281047836,0
0.9083395352827945,-0.9083395352827952,-0.4270330248336408,1.5070736872135582,1
0.31708489651145244,-0.31708489651145366,-1.9612890981535438,0.9213544031588548,1
0.5730128684240317,-0.5730128684240323,-2.097750610554139,1.7792077405495703,1
2.213220132936993,-2.213220132936994,-2.00594130278893,0.8341667011949163,0
2.3184908081703695,-2.3184908081703703,-0.19040424435886916,0.4429555195633077,0
2.045184447426066,-2.0451844474260676,-2.308719221612084,0.676838832228089,0
0.07732889355457018,-0.07732889355457129,0.06406404273850819,-0.25638602754103845,1
0.11668514709983091,-0.1166851470998318,-1.1797354947242524,1.692721307105192,1
-0.34167289299758363,0.34167289299758274,1.2203690544015187,-0.04401193137343817,1
0.999320286708203,-0.9993202867082036,-1.5589238064749038,1.632683748273457,1
1.7659394116237839,-1.7659394116237854,1.926342874964785,-0.3439795790118202,1
1.7089768693083007,-1.7089768693083018,-2.322341138491451,0.6275379803965461,0
1.9157135655449276,-1.9157135655449287,-2.326173775852908,1.8647072902362996,0
2.399053597706663,-2.399053597706666,-1.6877903720361955,1.678291912845602,0
-0.49262208093176785,0.4926220809317672,-1.0163853088029022,0.05607294236472149,1
0.8494256592391977,-0.8494256592391989,0.3085963284093638,0.31404088970030575,1
1.4857509324931661,-1.485750932493167,-0.5887569756549769,-0.12867763934061616,1
0.9828802528163918,-0.9828802528163929,0.34395300660297745,-0.3298272068388427,1
0.26499073591226363,-0.2649907359122642,0.7877146321197033,1.8575904604740172,1
3.0950695224742804,-3.095069522474282,-2.5746080740185455,2.569239977626712,0
1.98627485604775,-1.9862748560477508,-1.9380948083967653,-2.281167686226623,0
-1.1432650235185187,1.143265023518518,-0.19500968568529453,2.1014646992576544,1
0.21627480703635227,-0.21627480703635293,3.1415926535897927,1.4889710092732273,1
1.6639097352775878,-1.6639097352775885,-1.84329248390516,-0.04005751530225432,0
-0.3108006929722178,0.3108006929722169,-0.3941613371476661,0.8649811607416368,1
-1.4961644981920932,1.4961644981920912,-1.4674779403598417,2.022014826898508,1
2.8294087400459826,-2.8294087400459844,-0.3055203715930622,-1.6550105089786435,0
0.5250869874245503,-0.525086987424551,-1.452618565724902,0.7041696305506967,1
2.7747215658629463,-2.774721565862947,-0.3587021494960063,0.45633555287719796,0
0.4341208720350509,-0.4341208720350521,-0.9876984196277683,2.397184349476625,1
2.2696676362639234,-2.2696676362639248,-0.8752131106884469,-1.0077651219512462,0
0.39147415557051757,-0.39147415557051823,0.4814228834556198,2.6923825251059768,1
0.19747493006766637,-0.1974749300676668,-0.965436068682239,-1.1595598073098576,1
1.074771529155088,-1.0747715291550886,-2.0456336870959078,0.4504873393851081,0
1.0646832704609313,-1.064683270460932,-2.8596358816584706,1.5455850153518724,1
-0.6109505646976217,0.6109505646976205,-0.235791972707593,2.560360741366244,1
1.36499046351192,-1.364990463511921,-1.0670514186419235,0.6418866088600409,1
2.666465057354062,-2.6664650573540634,-2.3878411010766056,-2.5474107691823096,0
1.5503725453639656,-1.5503725453639663,1.1934580416567937,-0.626198191456619,0
1.5095654639564229,-1.5095654639564242,-0.852310051116997,2.642574701034982,1
1.4074887866285608,-1.4074887866285617,-2.604850453103883,1.0356508545320469,1
2.5473188049114404,-2.547318804911442,1.645258267017839,0.2516261765422792,0
2.054516452223956,-2.0545164522239574,-2.280711120582078,0.9601216983079239,0
2.9028675011934073,-2.9028675011934073,1.2376781603007698,2.057975996009959,0
-0.6955697128831724,0.6955697128831713,1.2195156663241322,2.35126497103003,1
0.4142240353179295,-0.4142240353179307,-1.0386809502471173,1.4255512478570052,1
0.582340962356845,-0.5823409623568455,-0.4454622648676906,0.42543545694617757,1
2.2935391206763693,-2.2935391206763707,-2.6640546496468698,1.9955106451880726,0
1.300424921727371,-1.3004249217273725,1.1147046129048648,-0.9837173851048728,1
2.8733184397814915,-2.8733184397814924,-0.27381376802889024,1.775460334605113,0
-0.7096125555810413,0.7096125555810406,0.9110428689927617,0.9963817826644555,1
2.1059207338313715,-2.105920733831373,-2.049546411875683,0.34110798605600035,0
-1.372200609556458,1.3722006095564578,-1.856405812407248,1.8838340392542927,1
0.6654697013520683,-0.665469701352069,0.06929570147390729,2.2724454450709555,1
-0.7331604548514106,0.7331604548514099,-1.2887149406066811,1.9857812900487646,1
0.9823114755763037,-0.9823114755763049,0.713273291744615,1.1589027460697532,1
0.27831356121643547,-0.278313561216436,-0.4339577394158368,0.7115830090302956,1
2.668585759868308,-2.6685857598683094,-1.746112084504206,1.0537771763290242,0
1.8277674308327527,-1.8277674308327536,-1.2449038486518091,1.519619167132104,1
-0.43075562979539317,0.4307556297953927,1.4674103119226602,2.5001949116021356,1
2.1232603960583125,-2.1232603960583134,0.5384657989151949,0.7988252480120686,0
1.418544658896093,-1.4185446588960944,-0.9859645747695893,-1.346192441200558,0
-0.19354211472062155,0.19354211472062044,1.3514187475139998,0.6376678248763819,1
2.105405996529335,-2.1054059965293366,0.36518584796694364,1.1533215194807884,0
-0.038152935007349065,0.03815293500734773,-2.704863237674156,1.6824020080229882,1
-0.6264528169230437,0.6264528169230432,-2.358865065046922,2.6673472452301965,1
1.3280073718931855,-1.3280073718931862,0.47877071802812576,-1.387863324904857,0
3.0507692893815754,-3.050769289381577,-2.5491649889689474,1.8791146260756544,0
1.7273894641364214,-1.7273894641364231,-0.07134929106718191,1.0913738795606465,0
1.2781803381212853,-1.2781803381212864,-0.3624142125057208,-1.0459548125284512,0
1.075373264391022,-1.0753732643910232,-1.8744611679209122,1.2558703900571278,1
1.8648857160361711,-1.8648857160361718,-0.456923063835967,1.5669414622786229,0
1.1639558948650732,-1.1639558948650743,-2.409351940335164,0.9683885436166075,0
0.7440348670871271,-0.7440348670871276,-1.3554339509266506,-1.9844718352951056,0
2.5156530864840723,-2.5156530864840727,-0.33500686876051256,2.539563760757761,0
0.11942475650218465,-0.1194247565021862,-1.1592843749287844,2.9940137356850856,1
0.8635535327776802,-0.8635535327776813,-2.2618859536479894,1.359799583764784,1
2.624687910694858,-2.624687910694859,-1.4376727717338638,1.4421304874391627,0
0.31366939694525386,-0.31366939694525486,0.215663743151836,3.1235137109052826,1
0.001160639556785803,-0.0011606395567869132,0.14969840875982143,-1.6647894129720462,1
1.5828862974483737,-1.5828862974483744,-2.6438521964130945,1.393818559486815,1
2.332659892385886,-2.3326598923858874,-0.5384635786800704,2.100118874728082,0
-0.5652936246478073,0.5652936246478069,1.3214166021880072,-0.28995640592563254,1
1.1980500106982475,-1.1980500106982483,-2.8010315062894007,-0.1864394549568711,0
1.7630255832333541,-1.7630255832333557,-2.6554051691471585,1.52955809310569,0
2.1227977610813715,-2.1227977610813724,-0.4777928765814189,0.5832362568051912,0
2.1787086101230555,-2.1787086101230564,-1.7249246861743055,1.9301230520192647,0
0.9059949972139254,-0.9059949972139265,-0.2545507101704366,2.8297285527722496,1
1.367402678585924,-1.3674026785859248,-1.5978370211259716,-1.0271010134840952,0
-1.1653419563594185,1.1653419563594183,-1.437058567862673,1.3146890393143815,1
-0.7789153984047834,0.7789153984047823,-0.46440536720906966,-0.20801615183440614,1
-1.7494429681593568,1.7494429681593557,-1.9484287198253294,1.1776709130922351,1
2.1109986693635876,-2.110998669363589,0.5273536574337059,1.49166147335717,0
-0.7231229070773006,0.7231229070772993,-1.0434410396757878,-0.7577298085331936,1
2.66152385985367,-2.6615238598536712,-1.273547606380091,1.964236159541601,0
2.938053031954262,-2.9380530319542615,-1.1977274617776426,0.7973725375591559,0
-0.3920645349072369,0.39206453490723625,-1.0475288495979413,0.9006153021596065,1
1.1317658960097683,-1.1317658960097696,-1.5429736983276194,1.5640421510338927,1
1.8186733610871042,-1.818673361087105,-2.2625732925860254,1.897642504045028,0
2.237812688616534,-2.2378126886165344,-0.5048224772137129,1.0981477902696355,0
2.573524670050795,-2.573524670050796,-1.4011188409575566,1.0807693433972434,0
0.990804042878623,-0.9908040428786236,-2.1867612741733335,2.7637954856188944,1
2.9694952193374835,-2.9694952193374844,-2.676341387384121,0.6744617682890129,0
2.870965747261222,-2.870965747261222,-0.40319068221926146,-2.6949458403962225,0
0.6745955607013752,-0.6745955607013757,-2.829724392733695,1.1426105233389505,1
0.9035201845156047,-0.9035201845156053,-2.624474187175904,0.7418785700723156,1
1.6137934090003732,-1.6137934090003747,-2.6238347102944912,1.1422510890325617,0
1.2639495650346968,-1.2639495650346984,0.30358185598414544,0.8705003423311097,1
1.6245831861543505,-1.6245831861543512,-1.1782578348184598,-0.13724097742281294,0
-0.554836588986009,0.5548365889860079,1.4152345758256235,2.1239813355360075,1
3.1208442480657883,-3.1208442480657883,0.5917319139599293,1.2241431694887774,0
1.011139700050835,-1.0111397000508364,0.2812619770440339,-1.0179850495591847,1
1.6941360741050977,-1.6941360741050988,0.8259313352540223,1.508666279681631,0
1.7805936118511152,-1.7805936118511165,0.4781266616417348,-1.6105635300648533,0
-1.3411674986098534,1.3411674986098527,-0.2066591727481094,2.582567815649366,1
1.573634623776669,-1.57363462377667,-1.3020420908570278,0.06044252549048401,0
2.3198062219636824,-2.3198062219636837,-1.154125652375635,-0.7144323004956297,0
0.2192744847215875,-0.21927448472158795,-2.4209860639839444,1.2777130480547625,1
2.8779625631404366,-2.8779625631404384,-2.6500219072169493,0.45297055658708557,0
0.9848601501900497,-0.9848601501900505,-0.2780153629549581,-0.5192510556201677,1
0.8092787988786799,-0.8092787988786814,0.06155371775913765,1.5835970728886335,1
1.567750381281711,-1.567750381281712,-2.3834250071985785,-1.1790546123547252,0
1.6072571352281266,-1.6072571352281275,0.05466401305747981,2.3958271366374566,1
